rowid,country,country_long,name,gppd_idnr,capacity_mw,latitude,longitude,primary_fuel,other_fuel1,other_fuel2,other_fuel3,commissioning_year,owner,source,url,geolocation_source,wepp_id,year_of_capacity_data,generation_gwh_2013,generation_gwh_2014,generation_gwh_2015,generation_gwh_2016,generation_gwh_2017,generation_data_source,estimated_generation_gwh
15642,IDN,Indonesia,Amamapare Port power station,WRI1075798,195.0,-4.8278,136.8391,Coal,,,,1998.0,PT Puncakjaya Power,GCPT,https://endcoal.org/global-coal-plant-tracker/,GCPT,,,,,,,,,799.9434084478232
15644,IDN,Indonesia,Amurang power station,WRI1075799,60.0,1.1825,124.4806,Coal,,,,2012.0,PLN,GCPT,https://endcoal.org/global-coal-plant-tracker/,GCPT,,,,,,,,,246.13643336856097
15648,IDN,Indonesia,Banten Serang power station,WRI1075800,660.0,-5.883,106.0459,Coal,,,,2017.0,PT Lestari Baten Energi (LBE),GCPT,https://endcoal.org/global-coal-plant-tracker/,GCPT,,,,,,,,,2707.5007670541713
15649,IDN,Indonesia,Batu Hijau power station,WRI1075801,124.0,-8.9012,116.7382,Coal,,,,1999.0,Pt Newmont Nusa Tenggara,GCPT,https://endcoal.org/global-coal-plant-tracker/,GCPT,,,,,,,,,508.6819622950261
15654,IDN,Indonesia,Celukan Bawang power station,WRI1075802,381.0,-8.1963,114.8516,Coal,,,,2015.0,PT General Energy Bali,GCPT,https://endcoal.org/global-coal-plant-tracker/,GCPT,,,,,,,,,1562.9663518903626
15656,IDN,Indonesia,Cikarang Babelan power station,WRI1075803,280.0,-6.1161,107.052,Coal,,,,2017.0,PT Cikarang Listrindo,GCPT,https://endcoal.org/global-coal-plant-tracker/,GCPT,,,,,,,,,1148.6366890532845
15657,IDN,Indonesia,Cilacap Sumber power station,WRI1075804,1260.0,-7.6832,109.0964,Coal,,,,2011.0,Sumber Segara Primadaya,GCPT,https://endcoal.org/global-coal-plant-tracker/,GCPT,,,,,,,,,5168.865100739781
15667,IDN,Indonesia,Kalteng-1 Pulang Pisau power station,WRI1075805,120.0,-2.8226,114.2088,Coal,,,,2015.0,PT PLN Persero,GCPT,https://endcoal.org/global-coal-plant-tracker/,GCPT,,,,,,,,,492.27286673712194
15668,IDN,Indonesia,Kaltim Teluk Balikpapan power station,WRI1075806,220.0,-1.1704,116.7887,Coal,,,,2015.0,PLN,GCPT,https://endcoal.org/global-coal-plant-tracker/,GCPT,,,,,,,,,902.5002556847237
15672,IDN,Indonesia,Keban Agung power station,WRI1075807,270.0,-3.7515,103.6481,Coal,,,,2015.0,PT Primanaya Energi,GCPT,https://endcoal.org/global-coal-plant-tracker/,GCPT,,,,,,,,,1107.6139501585244
15674,IDN,Indonesia,Ketapang Smelter power station,WRI1075808,80.0,-2.3662,110.1573,Coal,,,,2016.0,PT Well Harvest Winning Alumina Refinery,GCPT,https://endcoal.org/global-coal-plant-tracker/,GCPT,,,,,,,,,328.18191115808133
15682,IDN,Indonesia,Lampung Sebalang power station,WRI1075809,200.0,-5.5859,105.3872,Coal,,,,2015.0,PT PLN Persero,GCPT,https://endcoal.org/global-coal-plant-tracker/,GCPT,,,,,,,,,820.4547778952034
15687,IDN,Indonesia,Medan Steel Mill Power Plant,WRI1075810,60.0,3.6676,98.6654,Coal,,,,2017.0,PT Gahapi Nisco Steel,GCPT,https://endcoal.org/global-coal-plant-tracker/,GCPT,,,,,,,,,246.13643336856097
15689,IDN,Indonesia,Merak power station,WRI1075811,120.0,-5.884,106.0642,Coal,,,,2014.0,PT Merak Energi,GCPT,https://endcoal.org/global-coal-plant-tracker/,GCPT,,,,,,,,,492.27286673712194
15735,IDN,Indonesia,PLTU - Palu - Mpanau - Tawaeli,WRI1000906,30.0,-0.8917,119.8707,Coal,,,,,PT. Pusaka Jaya Palu Power,Indonesia Power Generation,https://repit.wordpress.com/,CARMA,,,,,,,,,123.06821668428049
15736,IDN,Indonesia,PLTU -Jeneponto I & II,WRI1000907,250.0,-5.6184,119.5506,Coal,,,,,PT Bosowa Energy,Indonesia Power Generation,https://repit.wordpress.com/,WRI,,,,,,,,,1025.5684723690042
15737,IDN,Indonesia,PLTU Asam-asam 1 & 2,WRI1000910,260.0,-3.9253,115.1043,Coal,,,,,PLN - South Kalimantan Regional Unit,Indonesia Power Generation,https://repit.wordpress.com/,WRI,,,,,,,,,1066.5912112637643
15738,IDN,Indonesia,PLTU Banjarsari/Merapi Timur-Lahat,WRI1000913,220.0,-3.7241,103.6894,Coal,,,,,PT. Bukit Pembangkit Inovatif (PT BA 59.75%  PT PJB 29.15% dan PT Navigate Innovative Indonesia (PT NII) 11.1%),Indonesia Power Generation,https://repit.wordpress.com/,WRI,1057264,,,,,,,,902.5002556847237
15739,IDN,Indonesia,PLTU Banten 1 - Suralaya unit 8,WRI1000914,625.0,-6.0585,106.4646,Coal,,,,,PLN -.PT Indonesia Power - 2010,Indonesia Power Generation,https://repit.wordpress.com/,GEODB,1026152,,,,,,,,2563.9211809225103
15740,IDN,Indonesia,PLTU Banten 2 - Labuhan,WRI1000915,600.0,-6.3919,105.8288,Coal,,,,,PLN / 2010,Indonesia Power Generation,https://repit.wordpress.com/,WRI,,,,,,,,,2461.3643336856103
15741,IDN,Indonesia,PLTU Banten 3 - Teluk Naga/Lontar,WRI1000916,945.0,-6.0585,106.4646,Coal,,,,,PLN + Dongfang Electrik Corp  PT Dalle Energy,Indonesia Power Generation,https://repit.wordpress.com/,GEODB,,,,,,,,,3876.6488255548356
15742,IDN,Indonesia,PLTU Bilibili,WRI1000918,2.0,-2.5213,121.357,Coal,,,,,PLN-South&South East Sulawesi Regional Unit,Indonesia Power Generation,https://repit.wordpress.com/,CARMA,,,,,,,,,8.204547778952032
15743,IDN,Indonesia,PLTU Bukit Asam,WRI1000919,30.0,-3.7316,103.7975,Coal,,,,,PT BA for own use,Indonesia Power Generation,https://repit.wordpress.com/,GEODB,1026052,,,,,,,,123.06821668428049
15744,IDN,Indonesia,PLTU Cilacap 1 & 2,WRI1000920,600.0,-7.7513,109.0186,Coal,,,,,PT. Sumber Segara Primadaya,Indonesia Power Generation,https://repit.wordpress.com/,GEODB,1050225,,,,,,,,2461.3643336856103
15745,IDN,Indonesia,PLTU Cirebon,WRI1000921,660.0,-6.7704,108.6151,Coal,,,,,PT. Cirebon Electric Power,Indonesia Power Generation,https://repit.wordpress.com/,GEODB,1066870,,,,,,,,2707.5007670541713
15746,IDN,Indonesia,PLTU Embalut - Tanjung Batu,WRI1000925,50.0,-0.5,117.15,Coal,,,,,PT. Cahaya Fajar Kaltim,Indonesia Power Generation,https://repit.wordpress.com/,CARMA,1058260,,,,,,,,205.11369447380085
15747,IDN,Indonesia,PLTU Gresik,WRI1000929,600.0,-7.1633,112.6615,Coal,,,,,PLN - Java Bali Generation Unit / PT. PJB,Indonesia Power Generation,https://repit.wordpress.com/,WRI,1026070,,,,,,,,2461.3643336856103
15748,IDN,Indonesia,PLTU Hendratna,WRI1000932,5.0,-2.5213,121.357,Coal,,,,,PT. Hendratna Plywood,Indonesia Power Generation,https://repit.wordpress.com/,CARMA,,,,,,,,,20.511369447380083
15749,IDN,Indonesia,PLTU Jabar Selatan - Pelabuhan Ratu,WRI1000938,1050.0,-7.0242,106.5464,Coal,,,,,PLN,Indonesia Power Generation,https://repit.wordpress.com/,GEODB,1066867,,,,,,,,4307.387583949818
15750,IDN,Indonesia,PLTU Jawa Barat - Indramayu,WRI1000939,990.0,-6.2747,107.9704,Coal,,,,,PLN + China National Electric Engineering Co.  Ltd. (CNEEC),Indonesia Power Generation,https://repit.wordpress.com/,GEODB,1071378,,,,,,,,4061.2511505812568
15751,IDN,Indonesia,PLTU Jawa Tengah 1 - Rembang,WRI1000940,630.0,-6.636,111.4749,Coal,,,,,PLN(EPC : Zeland-Priamanaya-Tronoh),Indonesia Power Generation,https://repit.wordpress.com/,GEODB,1065762,,,,,,,,2584.4325503698906
15752,IDN,Indonesia,PLTU Kaur,WRI1000943,200.0,-2.5213,121.357,Coal,,,,,PLN,Indonesia Power Generation,https://repit.wordpress.com/,CARMA,,,,,,,,,820.4547778952034
15753,IDN,Indonesia,PLTU Keramasan,WRI1000945,25.0,-2.5213,121.357,Coal,,,,,PLN-South Sumatera Generation Unit,Indonesia Power Generation,https://repit.wordpress.com/,CARMA,1026111,,,,,,,,102.55684723690042
15754,IDN,Indonesia,PLTU Kupang,WRI1000947,30.0,-2.5213,121.357,Coal,,,,,PT. Indonesia Power & electrindo Perkasa Utama,Indonesia Power Generation,https://repit.wordpress.com/,CARMA,1026086,,,,,,,,123.06821668428049
15755,IDN,Indonesia,PLTU Labuhan Angin,WRI1000948,230.0,1.7176,98.7265,Coal,,,,,PLN - North Sumatera Generation Unit,Indonesia Power Generation,https://repit.wordpress.com/,CARMA,1066585,,,,,,,,943.5229945794838
15756,IDN,Indonesia,PLTU Lati,WRI1000949,14.0,-2.5213,121.357,Coal,,,,,PLN - East Kalimantan Regional Unit,Indonesia Power Generation,https://repit.wordpress.com/,CARMA,1088444,,,,,,,,57.43183445266422
15757,IDN,Indonesia,PLTU Listrindo,WRI1000950,2.5,-2.5213,121.357,Coal,,,,,PT. Listrindo (IPP),Indonesia Power Generation,https://repit.wordpress.com/,CARMA,,,,,,,,,10.255684723690042
15758,IDN,Indonesia,PLTU Muara Karang,WRI1000954,400.0,-6.1069,106.7882,Coal,,,,,PLN - Java Bali Generation Unit / PT. PJB,Indonesia Power Generation,https://repit.wordpress.com/,WRI,1026102,,,,,,,,1640.9095557904068
15759,IDN,Indonesia,PLTU NAD-Nagan Raya,WRI1000956,220.0,4.1089,96.1972,Coal,,,,,PLN (EPC : Sinohydro Co. Ltd),Indonesia Power Generation,https://repit.wordpress.com/,WRI,1073026,,,,,,,,902.5002556847237
15760,IDN,Indonesia,PLTU Ombilin - Sijantang - Sawahlunto,WRI1000960,200.0,-0.6094,100.7535,Coal,,,,,PLN-South Sumatera Generation Unit,Indonesia Power Generation,https://repit.wordpress.com/,GEODB,1026107,,,,,,,,820.4547778952034
15761,IDN,Indonesia,PLTU Paiton I Unit 7 & 8,WRI1000941,5355.0,-7.7184,113.5827,Coal,,,,,PT. Paiton Energy Corp,Indonesia Power Generation,https://repit.wordpress.com/,WRI,1026016,,,,,,,,21967.67667814407
15762,IDN,Indonesia,PLTU Pakerin,WRI1000965,34.0,-2.5213,121.357,Coal,,,,,PT. Pakerin (pulp industry),Indonesia Power Generation,https://repit.wordpress.com/,CARMA,,,,,,,,,139.47731224218458
15763,IDN,Indonesia,PLTU Pangkalan Bun,WRI1000966,14.0,-2.6833,111.6167,Coal,,,,,PT. Energi Listrik Indonesia (subsidiary of PT. Eksploitasi Energi Indonesia),Indonesia Power Generation,https://repit.wordpress.com/,CARMA,1026115,,,,,,,,57.43183445266422
15764,IDN,Indonesia,PLTU Pangkalan Susu 1 & 2,WRI1000967,400.0,4.1196,98.2555,Coal,,,,,PLN (EPC : PT. Bagus Karya  Guangdong Power Engineering  PT. Nincec Multi Dimensi),Indonesia Power Generation,https://repit.wordpress.com/,WRI,1079188,,,,,,,,1640.9095557904068
15765,IDN,Indonesia,PLTU Perak,WRI1000970,100.0,-7.2492,112.7508,Coal,,,,,PLN - PT. Indonesia Power,Indonesia Power Generation,https://repit.wordpress.com/,CARMA,,,,,,,,,410.2273889476017
15766,IDN,Indonesia,PLTU Priok 3 & 4,WRI1000972,100.0,-6.1071,106.8716,Coal,,,,,PT. Indonesia Power,Indonesia Power Generation,https://repit.wordpress.com/,WRI,,,,,,,,,410.2273889476017
15767,IDN,Indonesia,PLTU Rancong,WRI1000974,30.0,-2.5213,121.357,Coal,,,,,PT. Jorindo Aceh Power,Indonesia Power Generation,https://repit.wordpress.com/,CARMA,,,,,,,,,123.06821668428049
15768,IDN,Indonesia,PLTU Sanggau,WRI1000975,14.0,-2.5213,121.357,Coal,,,,,PLN,Indonesia Power Generation,https://repit.wordpress.com/,CARMA,1102412,,,,,,,,57.43183445266422
15769,IDN,Indonesia,PLTU Simpang Belimbing,WRI1000978,227.0,-3.4,104.1158,Coal,,,,,PT. Guo Hua Energy Musi Makmur,Indonesia Power Generation,https://repit.wordpress.com/,WRI,1075907,,,,,,,,931.2161729110561
15770,IDN,Indonesia,PLTU Sulawesi Selatan - Barru/FTP1,WRI1000979,100.0,-4.2931,119.6326,Coal,,,,,PLN-South&South East Sulawesi Regional Unit,Indonesia Power Generation,https://repit.wordpress.com/,WRI,,,,,,,,,410.2273889476017
15771,IDN,Indonesia,PLTU Sumbar - Teluk sirih Unit 1,WRI1000980,112.0,-1.0772,100.3727,Coal,,,,,PLN (EPC: CNTIC (China National Tecnical Import Corporation)),Indonesia Power Generation,https://repit.wordpress.com/,WRI,1066878,,,,,,,,459.45467562131375
15772,IDN,Indonesia,PLTU Suparma,WRI1000981,27.0,-2.5213,121.357,Coal,,,,,PT. Suparma (pulp industry),Indonesia Power Generation,https://repit.wordpress.com/,CARMA,,,,,,,,,110.76139501585243
15773,IDN,Indonesia,PLTU Suralaya,WRI1000982,3400.0,-5.892,106.03,Coal,,,,,PLN -.PT Indonesia Power,Indonesia Power Generation,https://repit.wordpress.com/,GEODB,1026152,,,,,,,,13947.731224218456
15774,IDN,Indonesia,PLTU Tabalong,WRI1000983,60.0,-2.5213,121.357,Coal,,,,,PT. Makmur Sejahtera Wisesa (owned by PT. Adaro),Indonesia Power Generation,https://repit.wordpress.com/,CARMA,,,,,,,,,246.13643336856097
15775,IDN,Indonesia,PLTU Tambak Lorok,WRI1000984,300.0,-6.9507,110.4304,Coal,,,,,PLN - PT. Indonesia Power,Indonesia Power Generation,https://repit.wordpress.com/,GEODB,1026156,,,,,,,,1230.6821668428051
15776,IDN,Indonesia,PLTU Tanjung Alam Perkasa,WRI1000985,7.5,-2.5213,121.357,Coal,,,,,PT. Tanjung Alam Perkasa,Indonesia Power Generation,https://repit.wordpress.com/,CARMA,,,,,,,,,30.76705417107012
15777,IDN,Indonesia,PLTU Tanjung Enim -Bukit Asam,WRI1000988,260.0,-3.7316,103.7975,Coal,,,,,PLN-South Sumatera Generation Unit,Indonesia Power Generation,https://repit.wordpress.com/,GEODB,1076783,,,,,,,,1066.5912112637643
15778,IDN,Indonesia,PLTU Tanjung Jati B,WRI1000990,1320.0,-6.446,110.7423,Coal,,,,,PT. Central Java Power,Indonesia Power Generation,https://repit.wordpress.com/,GEODB,1052927,,,,,,,,5415.001534108343
15779,IDN,Indonesia,PLTU Tanjung Jati B - expansion,WRI1000991,1324.0,-6.446,110.7423,Coal,,,,,PT. Central Java Power (EPC : Korea Midland Power Co),Indonesia Power Generation,https://repit.wordpress.com/,GEODB,1052927,,,,,,,,5431.410629666246
15780,IDN,Indonesia,PLTU Tanjung Kasam,WRI1000992,110.0,1.0455,104.133,Coal,,,,,PT. Tanjung Kasam Power Batam (PT. TJK Power),Indonesia Power Generation,https://repit.wordpress.com/,WRI,1060288,,,,,,,,451.25012784236185
15781,IDN,Indonesia,PLTU Tarahan # 1  2,WRI1000994,200.0,-5.518,105.35,Coal,,,,,Indonesia Power,Indonesia Power Generation,https://repit.wordpress.com/,WRI,1026163,,,,,,,,820.4547778952034
15782,IDN,Indonesia,PLTU Tarahan 3 & 4 - Sebalang,WRI1000995,200.0,-5.518,105.35,Coal,,,,,PLN,Indonesia Power Generation,https://repit.wordpress.com/,WRI,,,,,,,,,820.4547778952034
15783,IDN,Indonesia,PLTU Tello,WRI1000997,25.0,-5.14,119.4221,Coal,,,,,PLN-South&South East Sulawesi Regional Unit,Indonesia Power Generation,https://repit.wordpress.com/,CARMA,,,,,,,,,102.55684723690042
15784,IDN,Indonesia,PLTU Tonasa II (Boiler Turbine Generator),WRI1000999,70.0,-4.7846,119.6163,Coal,,,,,PT. Semen Gresik Tbk/PT. Semen Indonesia,Indonesia Power Generation,https://repit.wordpress.com/,WRI,,,,,,,,,287.1591722633211
15785,IDN,Indonesia,Pacitan power station,WRI1075812,630.0,-8.2578,111.3736,Coal,,,,2011.0,PT PLN Persero,GCPT,https://endcoal.org/global-coal-plant-tracker/,GCPT,,,,,,,,,2584.4325503698906
15787,IDN,Indonesia,Pekanbaru Tenayan power station,WRI1075813,220.0,0.5644,101.5234,Coal,,,,2016.0,PT PLN Persero,GCPT,https://endcoal.org/global-coal-plant-tracker/,GCPT,,,,,,,,,902.5002556847237
15789,IDN,Indonesia,Perawang Mill power station,WRI1075814,755.0,0.6893,101.6191,Coal,,,,2009.0,PT Indah Kiat Pulp & Paper,GCPT,https://endcoal.org/global-coal-plant-tracker/,GCPT,,,,,,,,,3097.216786554393
15794,IDN,Indonesia,Purwakarta Indorama Power Station,WRI1075815,60.0,-6.5539,107.4137,Coal,,,,2006.0,PT Indorama Synthetics Tbk,GCPT,https://endcoal.org/global-coal-plant-tracker/,GCPT,,,,,,,,,246.13643336856097
15804,IDN,Indonesia,Sulawesi Mining power station,WRI1075816,280.0,-2.8274,122.1553,Coal,,,,2016.0,Sulawesi Mining Investment,GCPT,https://endcoal.org/global-coal-plant-tracker/,GCPT,,,,,,,,,1148.6366890532845
15809,IDN,Indonesia,Tanjung Awar-Awar power station,WRI1075817,700.0,-6.8105,111.9955,Coal,,,,2012.0,PT PLN Persero,GCPT,https://endcoal.org/global-coal-plant-tracker/,GCPT,,,,,,,,,2871.591722633212
